<?xml version="1.0" encoding="UTF-8"?>
<!DOCTYPE config SYSTEM "config.dtd">
<panels>
	<panel>
		<properties>
			<property name="size" value="24"/>
			<property name="monitor" value="0"/>
			<property name="screen-position" value="11"/>
			<property name="fullwidth" value="1"/>
			<property name="xoffset" value="0"/>
			<property name="yoffset" value="570"/>
			<property name="handlestyle" value="0"/>
			<property name="autohide" value="0"/>
			<property name="transparency" value="20"/>
			<property name="activetrans" value="0"/>
		</properties>
		<items>
			<item name="xfce4-menu" id="5"/>
			<item name="separator" id="6"/>
			<item name="showdesktop" id="1"/>
			<item name="tasklist" id="3"/>
			<item name="systray" id="4"/>
			<item name="separator" id="11"/>
			<item name="clock" id="14"/>
			<item name="separator" id="13"/>
            <item name="xfce4-mixer-plugin" id="15"/>
		</items>
	</panel>
</panels>
