<?xml version="1.0" encoding="UTF-8"?>

<channel name="xfce4-panel" version="1.0">
  <property name="configver" type="int" value="2"/>
  <property name="panels" type="array">
    <value type="int" value="1"/>
    <value type="int" value="2"/>
    <property name="panel-1" type="empty">
      <property name="position" type="string" value="p=8;x=840;y=1028"/>
      <property name="length" type="uint" value="100"/>
      <property name="position-locked" type="bool" value="true"/>
      <property name="size" type="uint" value="42"/>
      <property name="plugin-ids" type="array">
        <value type="int" value="1"/>
        <value type="int" value="4"/>
        <value type="int" value="10"/>
        <value type="int" value="12"/>
        <value type="int" value="8"/>
        <value type="int" value="3"/>
        <value type="int" value="15"/>
        <value type="int" value="9"/>
        <value type="int" value="6"/>
        <value type="int" value="5"/>
        <value type="int" value="7"/>
      </property>
      <property name="nrows" type="uint" value="1"/>
      <property name="background-alpha" type="uint" value="52"/>
      <property name="background-style" type="uint" value="2"/>
      <property name="background-color" type="array">
        <value type="uint" value="44923"/>
        <value type="uint" value="44923"/>
        <value type="uint" value="44923"/>
        <value type="uint" value="65535"/>
      </property>
      <property name="leave-opacity" type="uint" value="85"/>
      <property name="length-adjust" type="bool" value="true"/>
      <property name="background-image" type="string" value="/opt/hackbox/media/panel.png"/>
      <property name="autohide" type="bool" value="false"/>
    </property>
    <property name="panel-2" type="empty">
      <property name="position" type="string" value="p=3;x=1255;y=513"/>
      <property name="mode" type="uint" value="1"/>
      <property name="disable-struts" type="bool" value="true"/>
      <property name="autohide" type="bool" value="true"/>
      <property name="position-locked" type="bool" value="true"/>
      <property name="background-style" type="uint" value="0"/>
      <property name="background-color" type="array">
        <value type="uint" value="35939"/>
        <value type="uint" value="35939"/>
        <value type="uint" value="35939"/>
        <value type="uint" value="65535"/>
      </property>
      <property name="background-alpha" type="uint" value="100"/>
      <property name="plugin-ids" type="array">
        <value type="int" value="13"/>
        <value type="int" value="11"/>
        <value type="int" value="2"/>
      </property>
      <property name="size" type="uint" value="100"/>
      <property name="nrows" type="uint" value="1"/>
      <property name="length" type="uint" value="1"/>
      <property name="enter-opacity" type="uint" value="100"/>
      <property name="leave-opacity" type="uint" value="94"/>
    </property>
  </property>
  <property name="plugins" type="empty">
    <property name="plugin-1" type="string" value="whiskermenu"/>
    <property name="plugin-3" type="string" value="tasklist">
      <property name="show-handle" type="bool" value="false"/>
    </property>
    <property name="plugin-15" type="string" value="separator">
      <property name="expand" type="bool" value="true"/>
      <property name="style" type="uint" value="0"/>
    </property>
    <property name="plugin-5" type="string" value="systray">
      <property name="names-visible" type="array">
        <value type="string" value="thunar"/>
        <value type="string" value="networkmanager applet"/>
        <value type="string" value="guake"/>
        <value type="string" value="gtk-redshift"/>
        <value type="string" value="synapse"/>
        <value type="string" value="qshutdown"/>
        <value type="string" value="radiotray"/>
        <value type="string" value="blueman-applet"/>
        <value type="string" value="psensor"/>
        <value type="string" value="mintupdate.py"/>
      </property>
      <property name="size-max" type="uint" value="64"/>
      <property name="show-frame" type="bool" value="false"/>
      <property name="names-hidden" type="array">
      </property>
    </property>
    <property name="plugin-6" type="string" value="indicator">
      <property name="names-visible" type="empty"/>
      <property name="show-frame" type="empty"/>
    </property>
    <property name="plugin-2" type="string" value="pager">
      <property name="rows" type="uint" value="1"/>
      <property name="workspace-scrolling" type="bool" value="true"/>
    </property>
    <property name="plugin-4" type="string" value="showdesktop"/>
    <property name="plugin-7" type="string" value="clock">
      <property name="show-frame" type="bool" value="false"/>
      <property name="digital-format" type="string" value="%r%n%D"/>
    </property>
    <property name="plugin-8" type="string" value="launcher">
      <property name="items" type="array">
        <value type="string" value="13787508124.desktop"/>
      </property>
    </property>
    <property name="plugin-12" type="string" value="launcher">
      <property name="items" type="array">
        <value type="string" value="13807361241.desktop"/>
      </property>
      <property name="show-label" type="bool" value="false"/>
      <property name="move-first" type="bool" value="false"/>
      <property name="disable-tooltips" type="bool" value="false"/>
      <property name="arrow-position" type="uint" value="5"/>
    </property>
    <property name="plugin-9" type="string" value="xfce4-clipman-plugin"/>
    <property name="plugin-10" type="string" value="places">
      <property name="mount-open-volumes" type="bool" value="true"/>
      <property name="show-button-type" type="int" value="0"/>
    </property>
    <property name="plugin-13" type="string" value="cpugraph"/>
    <property name="plugin-11" type="string" value="systemload"/>
  </property>
</channel>
