<bookmarks>
<group name="root">
    <group name="Techno / Electronic">
        <bookmark name="Keygen-FM" url="/home/xire/.config/xfce4/xfconf/xfce-perchannel-xml/xsettings.xml&#10;/home/xire/.config/xfce4/xfconf/xfce-perchannel-xml/xfwm4.xml&#10;/home/xire/.config/xfce4/xfconf/xfce-perchannel-xml/xfce4-session.xml&#10;/home/xire/.config/xfce4/xfconf/xfce-perchannel-xml/xfce4-panel.xml&#10;/home/xire/.config/xfce4/xfconf/xfce-perchannel-xml/xfce4-desktop.xml"/><bookmark name="KOHINA" url="http://kohina.radio.ethz.ch:8000/kohina.ogg.m3u"/><bookmark name="Nightcore Radio" url="http://stream.nightcoreradio.com:9040/main_stream.m3u"/><bookmark name="Space Station Soma" url="http://somafm.com/spacestation.pls"/>
        <bookmark name="[separator-b3bc1fec-143f-491a-989e-9f90017e40b8]" url="[separator-b3bc1fec-143f-491a-989e-9f90017e40b8]"/><bookmark name="Drone Zone" url="http://somafm.com/dronezone.pls"/>
        <bookmark name="cliqhop idm" url="http://somafm.com/cliqhop.pls"/>
        <bookmark name="Black Rock FM" url="http://somafm.com/brfm.pls"/>
        <bookmark name="New Dance Radio" url="http://jbstream.net/tunein.php/blackoutworm/playlist.asx"/>
    </group>
    <group name="Nirvana Radio"><bookmark name="Nirvana Relaxation" url="http://kohina.radio.ethz.ch:8000/kohina.ogg.m3u"/><bookmark name="Nirvana Meditation" url="http://radio.108.pl:8006/meditation.ogg.m3u"/><bookmark name="Nirvana Ambient" url="http://radio.108.pl:8006/ambient.ogg.m3u"/></group><group name="Talk">
        <bookmark name="NPR" url="http://www.npr.org/templates/dmg/dmg.php?getProgramStream=true&amp;amp;NPRMediaPref=WM"/><bookmark name="Jupiter Broadcast" url="http://jblive.fm/"/>
        <bookmark name="WCRS LPFM Columbus" url="http://sh4.audio-stream.com/tunein.php/pleonard/playlist.pls"/>
        <bookmark name="WBEZ" url="http://wbez.ic.llnwd.net/stream/wbez_91_5_fm.pls"/>
    </group>
<group name="Absolute"><bookmark name="Absolute Radio" url="http://network.absoluteradio.co.uk/core/audio/ogg/live.pls?service=vr"/><bookmark name="[separator-a66d48cf-0a5c-4648-8e2a-a4add3db5794]" url="[separator-a66d48cf-0a5c-4648-8e2a-a4add3db5794]"/><bookmark name="Absolute Classic Rock" url="http://network.absoluteradio.co.uk/core/audio/ogg/live.pls?service=vc"/><bookmark name="Absolute 00s" url="http://network.absoluteradio.co.uk/core/audio/ogg/live.pls?service=a0"/><bookmark name="Absolute 90s" url="http://network.absoluteradio.co.uk/core/audio/ogg/live.pls?service=a9"/><bookmark name="Absolute 80s" url="http://network.absoluteradio.co.uk/core/audio/ogg/live.pls?service=a8"/></group><group name="Classic Rock">
        <bookmark name="181.FM Classic Hits" url="http://sc-rly.181.fm:80/stream/1094"/>
        <bookmark name=".977 Classic Rock" url="http://www.977music.com/tunein/web/classicrock.asx"/>
        <bookmark name="80s Sky.FM" url="http://listen.sky.fm/public3/the80s.pls"/>
        <bookmark name="Covers" url="http://somafm.com/covers.pls"/>
    </group>
    <group name="Classical">
        <bookmark name="KDFC" url="http://provisioning.streamtheworld.com/pls/KDFCFM.pls"/>
        <bookmark name="Classic FM" url="http://media-ice.musicradio.com/ClassicFMMP3.m3u"/>
        <bookmark name="WCPE" url="http://www.ibiblio.org/wcpe/wcpe.pls"/>
        <bookmark name="CINEMIX" url="http://cinemix.us/cine.asx"/>
        <bookmark name="SKY.fm Soundtracks" url="http://listen.sky.fm/public1/soundtracks.pls"/>
        <bookmark name="SKY.fm Mostly Classical" url="http://listen.sky.fm/public1/classical.pls"/>
    </group>
    <group name="Jazz">
        <bookmark name="Smooth Jazz" url="http://smoothjazz.com/streams/smoothjazz_128.pls"/>
        <bookmark name="SKY.fm Piano Jazz" url="http://listen.sky.fm/public1/pianojazz.pls"/>
        <bookmark name="SKY.fm Smooth Jazz" url="http://listen.sky.fm/public1/smoothjazz.pls"/>
        <bookmark name="Sonic Universe" url="http://somafm.com/sonicuniverse.pls"/>
        <bookmark name="Blue FM" url="http://bluefm.net/listen.pls"/>
        <bookmark name="The Breeze" url="mmsh://wms-rly.181.fm/181-breeze?MSWMExt=.asf"/>
    </group>
    <group name="Chill">
        <bookmark name="181.FM" url="http://yp.shoutcast.com/sbin/tunein-station.pls?id=1275050"/>
        <bookmark name="Lounge Radio" url="http://yp.shoutcast.com/sbin/tunein-station.pls?id=1288934"/>
        <bookmark name="Beat Blender" url="http://somafm.com/beatblender.pls"/>
        <bookmark name="Secret Agent" url="http://somafm.com/secretagent.pls"/>
        <bookmark name="Groove Salad" url="http://somafm.com/groovesalad.pls"/>
        <bookmark name="Illinois Street Lounge" url="http://somafm.com/illstreet.pls"/>
    </group>
    <group name="Pop / Rock">
        <bookmark name="Radio Paradise" url="http://www.radioparadise.com/musiclinks/rp_128aac.m3u"/>
        <bookmark name=".977 The Hitz Channel" url="http://yp.shoutcast.com/sbin/tunein-station.pls?id=1280356"/>
        <bookmark name="Enjoy Station" url="http://yp.shoutcast.com/sbin/tunein-station.pls?id=1377285"/>
        <bookmark name="SKY.fm Top Hits" url="http://listen.sky.fm/public1/tophits.pls"/>
        <bookmark name="Indie Pop Rocks!" url="http://somafm.com/indiepop.pls"/>
        <bookmark name="PopTron" url="http://somafm.com/poptron.pls"/>
    </group>
    <group name="Oldies">
        <bookmark name="AM 1710" url="http://lin2.ash.fast-serv.com:9022/listen.pls"/>
        <bookmark name="WNAR" url="http://live.wnar-am.com:8500/listen.pls"/>
        <bookmark name="SKY.fm Oldies" url="http://listen.sky.fm/public1/oldies.pls"/>
    </group>
    <group name="Latin">
        <bookmark name="Onda Tropical" url="http://yp.shoutcast.com/sbin/tunein-station.pls?id=506392"/>
        <bookmark name="Top Latino Radio" url="http://online.radiodifusion.net:8020/listen.pls"/>
        <bookmark name="Salsa Stream" url="http://listen.sky.fm/public3/salsa.pls"/>
        <bookmark name="Reggaeton 24/7" url="http://cc.net2streams.com/tunein.php/reggaeton/playlist.pls"/>
        <bookmark name="Suave 107" url="http://grupomedrano.com.do/suave107/suave107.m3u"/>
    </group>
    <group name="Country">
        <bookmark name="SKY.fm Country" url="http://listen.sky.fm/public1/country.pls"/>
        <bookmark name="Boot Liquor" url="http://somafm.com/bootliquor.pls"/>
        <bookmark name="US 181" url="mmsh://wms-rly.181.fm/181-us181?MSWMExt=.asf"/>
        <bookmark name="Real Country" url="mmsh://wms-rly.181.fm/181-realcountry?MSWMExt=.asf"/>
        <bookmark name="Highway 181" url="mmsh://wms-rly.181.fm/181-highway?MSWMExt=.asf"/>
        <bookmark name="Country 108" url="http://www.country108.com/listen.pls"/>
    </group>
    </group>
</bookmarks>
