<?xml version="1.0"?>
<!DOCTYPE greeter SYSTEM "greeter.dtd">



<greeter gtk-theme="Mint-X">

	<!-- background basecolor -->
	<item type="rect">
		<pos x="0" y="0" width="100%" height="100%"/>
		<!--change this if you want another color-->
		<normal color="#000000"/>
	</item>


	<!-- background pixmap image -->
	<!-- If you want another background image-->
	<!-- or you could get rid of this and just have a base color (from above)-->
	<item type="pixmap">
		<!-- Point this to another file -->
		<normal file="bg.jpg"/>
		<pos x="0" y="0" width="100%" height="100%"/>
	</item>



	<!-- login window container -->
	<item type="rect">
		
		<pos anchor="center" x="50%" y="50%" width="504" height="454"/>
		<fixed>


		<!-- login window pixmap -->
		<item type="pixmap">
			<normal file="main_box.png"/>
			<pos anchor="center" x="50%" y="50%"/>
		</item>

		<!-- Distro Label-->
		<item type="label">
			<pos anchor="c" x="50%" y="25%"/>
			<normal color="#FFFFFF" font="Hermit bold 12"/>
			<!--  %h is the hostname, or write Ubuntu, Suse, etc -->
			<stock type="welcome-label"/>
			</item>
						
		<!--Clock-->
		<item type="label">
			<pos anchor="c" x="50%" y="30%"/>
			<normal color="#FFFFFF" font="Hermit 8"/>
			<!--  %c is the clock -->
			<text>%c</text>
			</item>
			
		

		<!-- username/password label -->
		<item type="label" id="pam-prompt">
			<pos x="150" y="42%" />
			<stock type="username-label"/>
			<normal color="#FFFFFF" font="Hermit 9"/>
		</item>

		 <!-- username/password entry -->
		<item type="entry" id="user-pw-entry">
			<pos anchor="c" x="50%" y="50%" />
			<normal color="#000000" font="Hermit bold 10"/>
			<pos width="190" height="25"/>
		</item>



		<!-- CAPS-LOCK warning -->
		<item type="label" id="caps-lock-warning">
			<pos anchor="c" x="50%" y="300" width="450" height="50"/>
			<normal font="Hermit bold 8" color="#FFFFFF"/>
			<stock type="caps-lock-warning"/>
		</item>
			
		<!-- error messages -->
		<item type="label" id="pam-error">
			<pos anchor="c" x="50%" y="300" width="450" height="50"/>
			<normal font="Sans bold 8" color="#FFFFFF"/>
			<text></text>
		</item>
		<!-- Options Label-->
		<item type="rect" id="options_button" button="true">
			<pos anchor="w" x="60" y="320"/>
				<box orientation="vertical" spacing="5">
			<item type="label">
					<normal color="#A0A0A0" font="Hermit bold 8"/>
					<prelight color="#FFFFFF" font="Hermit bold 8"/>
			<stock type="options"/>
			</item>
			</box>
		</item>

		<!-- language option -->
		<item type="rect" id="language_button" button="true">
			<pos anchor="w" x="60" y="380" width="53" height="50"/>		
			<box orientation="vertical" spacing="5">
				<!-- button text-label -->
				<item type="label">
					<normal color="#A0A0A0" font="Hermit 8"/>
					<prelight color="#FFFFFF" font="Hermit 8"/>
					<stock type="language"/>
				</item>
			</box>
		</item>

		<!-- session option -->
		<item type="rect" id="session_button" button="true">
			<pos anchor="w" x="60" y="400" width="53" height="50"/>			
			<box orientation="vertical" spacing="5">
				<!-- button text-label -->
				<item type="label">
					<normal color="#A0A0A0" font="Hermit 8"/>
					<prelight color="#FFFFFF" font="Hermit 8"/>
					<stock type="session"/>
				</item>
			</box>
		</item>

		<!-- button container -->
		<item type="rect">
			
			<pos x="190" y="340" width="box" height="box"/>
		
			<box orientation="horizontal" spacing="5">
				<!-- session button -->
				
				<!-- suspend button -->
				<item type="rect" id="suspend_button" button="true">
					<pos anchor="nw" width="86" height="50"/>
						
						<box orientation="vertical" spacing="6">
		
							<!-- button image -->
							<item type="pixmap">
								<normal file="suspend.png" alpha="0.5"/>
								<prelight file="suspend.png"/>
								<pos x="50%" anchor="n"/>
							</item>

							<!-- button text-label -->
							<item type="label">
								<pos x="50%" y="12" anchor="s"/>
								<normal color="#A0A0A0" font="Hermit 8"/>
								<prelight color="#FFFFFF" font="Hermit 8"/>
								<stock type="suspend"/>
							</item>
						</box>
				</item>
	
				<!-- Restart button -->
				<item type="rect" id="reboot_button" button="true">
					<pos anchor="nw" width="86" height="50"/>
						
					<box orientation="vertical" spacing="6">
		
						<!-- button image -->
						<item type="pixmap">
							<normal file="reboot.png" alpha="0.5"/>
							<prelight file="reboot.png"/>
							<pos x="50%" anchor="n"/>
						</item>

						<!-- button text-label -->
						<item type="label">
							<pos x="50%" y="12" anchor="s"/>
								<normal color="#A0A0A0" font="Hermit 8"/>
								<prelight color="#FFFFFF" font="Hermit 8"/>
							<stock type="reboot"/>
						</item>
					</box>
				</item>

				<!-- Halt button -->
				<item type="rect" id="halt_button" button="true">
					<pos anchor="nw" width="86" height="50"/>
					
					<box orientation="vertical" spacing="6">
		
						<!-- button image -->
						<item type="pixmap">
							<normal file="halt.png" alpha="0.5"/>
							<prelight file="halt.png"/>
							<pos x="50%" anchor="n"/>
						</item>

						<!-- button text-label -->
						<item type="label">
							<pos x="50%" y="12" anchor="s"/>
								<normal color="#A0A0A0" font="Hermit 8"/>
								<prelight color="#FFFFFF" font="Hermit 8"/>
							<stock type="halt"/>
						</item>
					</box>
				</item>
				
				</box>
			</item> 
		</fixed>
	</item>



</greeter>
