{"title":"","guid":"UoVflye_yCvk","id":1,"index":0,"dateAdded":1385849922243124,"lastModified":1385849974165692,"type":"text/x-moz-place-container","root":"placesRoot","children":[{"title":"Bookmarks Menu","guid":"dcHaqzkkkf1w","id":2,"index":0,"parent":1,"dateAdded":1385849922243124,"lastModified":1397275792788059,"type":"text/x-moz-place-container","root":"bookmarksMenuFolder","children":[{"title":"Recently Bookmarked","guid":"CpJeoytcDLH4","id":28,"index":0,"parent":2,"dateAdded":1397275792786965,"lastModified":1397275792787400,"annos":[{"name":"Places/SmartBookmark","flags":0,"expires":4,"value":"RecentlyBookmarked"}],"type":"text/x-moz-place","uri":"place:folder=BOOKMARKS_MENU&folder=UNFILED_BOOKMARKS&folder=TOOLBAR&queryType=1&sort=12&maxResults=10&excludeQueries=1"},{"title":"Recent Tags","guid":"e9ptZcITkPUG","id":29,"index":1,"parent":2,"dateAdded":1397275792788059,"lastModified":1397275792788415,"annos":[{"name":"Places/SmartBookmark","flags":0,"expires":4,"value":"RecentTags"}],"type":"text/x-moz-place","uri":"place:type=6&sort=14&maxResults=10"},{"title":"","guid":"6UqKR2MWa9KK","id":8,"index":2,"parent":2,"dateAdded":1304104956810124,"lastModified":1304104956810124,"type":"text/x-moz-place-separator"},{"title":"DistroWatch","guid":"9irqbpgSe3wU","id":9,"index":3,"parent":2,"dateAdded":1304106401410254,"lastModified":1385849922786483,"annos":[{"name":"bookmarkProperties/description","flags":0,"expires":4,"value":"News and feature lists of Linux and BSD distributions."}],"type":"text/x-moz-place","uri":"http://distrowatch.com/","charset":"UTF-8"},{"title":"Segfault","guid":"TZ1lfiJW6U-Q","id":10,"index":4,"parent":2,"dateAdded":1367943947411887,"lastModified":1367943953544564,"type":"text/x-moz-place","uri":"http://segfault.linuxmint.com/","charset":"UTF-8"},{"title":"Brief","guid":"Ygr8DdSlhk07","id":18,"index":5,"parent":2,"dateAdded":1385849956393949,"lastModified":1385849956614197,"annos":[{"name":"bookmarkProperties/description","flags":0,"expires":4,"value":""}],"type":"text/x-moz-place","uri":"chrome://brief/content/brief.xul","charset":"UTF-8"}]},{"title":"Bookmarks Toolbar","guid":"7XurNaDYfUJ_","id":3,"index":1,"parent":1,"dateAdded":1385849922243124,"lastModified":1397275792785113,"type":"text/x-moz-place-container","root":"toolbarFolder","children":[{"title":"Most Visited","guid":"h7QbfmQuZO3E","id":27,"index":0,"parent":3,"dateAdded":1397275792785113,"lastModified":1397275792785783,"annos":[{"name":"Places/SmartBookmark","flags":0,"expires":4,"value":"MostVisited"}],"type":"text/x-moz-place","uri":"place:sort=8&maxResults=10"},{"title":"Linux Mint","guid":"IQg7DI4OOZR0","id":12,"index":1,"parent":3,"dateAdded":1304106264910690,"lastModified":1385849922791393,"annos":[{"name":"bookmarkProperties/description","flags":0,"expires":4,"value":"Linux Mint is an elegant, easy to use, up to date and comfortable GNU/Linux desktop distribution."}],"type":"text/x-moz-place","uri":"http://www.linuxmint.com/","charset":"UTF-8"},{"title":"Community","guid":"WIWYgtTUW43x","id":13,"index":2,"parent":3,"dateAdded":1304106293716129,"lastModified":1304106300504559,"type":"text/x-moz-place","uri":"http://community.linuxmint.com/","charset":"UTF-8"},{"title":"Forums","guid":"eCIwejWzdICu","id":14,"index":3,"parent":3,"dateAdded":1304106305318509,"lastModified":1304106312940996,"type":"text/x-moz-place","uri":"http://forums.linuxmint.com/","charset":"UTF-8"},{"title":"Blog","guid":"HPvMgHsuFDMD","id":15,"index":4,"parent":3,"dateAdded":1304106318509425,"lastModified":1304106320382216,"type":"text/x-moz-place","uri":"http://blog.linuxmint.com/","charset":"UTF-8"},{"title":"","guid":"QLwIMDf0H_GG","id":16,"index":5,"parent":3,"dateAdded":1304106352478346,"lastModified":1304106352478346,"type":"text/x-moz-place-separator"},{"title":"News","guid":"raPJHGjFRv2o","id":17,"index":6,"parent":3,"dateAdded":1304106517752098,"lastModified":1385849925081438,"livemark":1,"annos":[{"name":"placesInternal/READ_ONLY","flags":0,"expires":4,"value":1},{"name":"livemark/feedURI","flags":0,"expires":4,"value":"http://www.linuxmint.com/planet/rss.xml"},{"name":"livemark/siteURI","flags":0,"expires":4,"value":"http://var/www/syscpwebs/lm/planet/"}],"type":"text/x-moz-place-container","children":[]}]},{"title":"Tags","guid":"OPtXY1FLRzPK","id":4,"index":2,"parent":1,"dateAdded":1385849922243124,"lastModified":1385849922243124,"type":"text/x-moz-place-container","root":"tagsFolder","children":[]},{"title":"Unsorted Bookmarks","guid":"6cux0NwnZxdR","id":5,"index":3,"parent":1,"dateAdded":1385849922243124,"lastModified":1385849962350783,"type":"text/x-moz-place-container","root":"unfiledBookmarksFolder","children":[]}]}