{"title":"","id":1,"dateAdded":1304104956676633,"lastModified":1367944022176713,"type":"text/x-moz-place-container","root":"placesRoot","children":[{"title":"Bookmarks Menu","id":2,"parent":1,"dateAdded":1304104956677213,"lastModified":1385178434322172,"type":"text/x-moz-place-container","root":"bookmarksMenuFolder","children":[{"title":"Recently Bookmarked","id":70,"parent":2,"type":"text/x-moz-place","uri":"place:folder=BOOKMARKS_MENU&folder=UNFILED_BOOKMARKS&folder=TOOLBAR&sort=12&excludeQueries=1&maxResults=10&queryType=1"},{"index":1,"title":"Recent Tags","id":71,"parent":2,"type":"text/x-moz-place","uri":"place:sort=14&type=6&maxResults=10&queryType=1"},{"index":2,"title":"","id":22,"parent":2,"dateAdded":1304104956810124,"lastModified":1304104956810124,"type":"text/x-moz-place-separator"},{"index":3,"title":"DistroWatch","id":35,"parent":2,"dateAdded":1304106401410254,"lastModified":1304106407874393,"type":"text/x-moz-place","uri":"http://distrowatch.com/","charset":"UTF-8"},{"index":4,"title":"Segfault","id":60,"parent":2,"dateAdded":1367943947411887,"lastModified":1367943953544564,"type":"text/x-moz-place","uri":"http://segfault.linuxmint.com/","charset":"UTF-8"}]},{"index":1,"title":"Bookmarks Toolbar","id":3,"parent":1,"dateAdded":1304104956678628,"lastModified":1385178434320274,"type":"text/x-moz-place-container","root":"toolbarFolder","children":[{"title":"Most Visited","id":69,"parent":3,"type":"text/x-moz-place","uri":"place:sort=8&maxResults=10"},{"index":1,"title":"Linux Mint","id":23,"parent":3,"dateAdded":1304106264910690,"lastModified":1304106269490751,"type":"text/x-moz-place","uri":"http://www.linuxmint.com/","charset":"UTF-8"},{"index":2,"title":"Community","id":24,"parent":3,"dateAdded":1304106293716129,"lastModified":1304106300504559,"type":"text/x-moz-place","uri":"http://community.linuxmint.com/","charset":"UTF-8"},{"index":3,"title":"Forums","id":25,"parent":3,"dateAdded":1304106305318509,"lastModified":1304106312940996,"type":"text/x-moz-place","uri":"http://forums.linuxmint.com/","charset":"UTF-8"},{"index":4,"title":"Blog","id":26,"parent":3,"dateAdded":1304106318509425,"lastModified":1304106320382216,"type":"text/x-moz-place","uri":"http://blog.linuxmint.com/","charset":"UTF-8"},{"index":5,"title":"","id":34,"parent":3,"dateAdded":1304106352478346,"lastModified":1304106352478346,"type":"text/x-moz-place-separator"},{"index":6,"title":"News","id":43,"parent":3,"dateAdded":1304106517752098,"lastModified":1304106527371311,"type":"text/x-moz-place-container","children":[]}]},{"index":2,"title":"Tags","id":4,"parent":1,"dateAdded":1304104956678926,"lastModified":1304104956679161,"type":"text/x-moz-place-container","root":"tagsFolder","children":[]},{"index":3,"title":"Unsorted Bookmarks","id":5,"parent":1,"dateAdded":1304104956679197,"lastModified":1304106325226134,"type":"text/x-moz-place-container","root":"unfiledBookmarksFolder","children":[]},{"index":4,"title":"","id":61,"parent":1,"dateAdded":1367944022176713,"lastModified":1367944022179980,"type":"text/x-moz-place-container","children":[{"title":"History","id":62,"parent":61,"type":"text/x-moz-place","uri":"place:sort=4&type=3"},{"index":1,"title":"Downloads","id":63,"parent":61,"type":"text/x-moz-place","uri":"place:transition=7&sort=4"},{"index":2,"title":"Tags","id":64,"parent":61,"type":"text/x-moz-place","uri":"place:sort=1&type=6&queryType=1"},{"index":3,"title":"All Bookmarks","id":65,"parent":61,"dateAdded":1367944022179980,"lastModified":1367944022182108,"type":"text/x-moz-place-container","children":[{"title":"Bookmarks Toolbar","id":66,"parent":65,"dateAdded":1304104956678628,"lastModified":1385178434320274,"type":"text/x-moz-place","uri":"place:folder=TOOLBAR&expandQueries=0"},{"index":1,"title":"Bookmarks Menu","id":67,"parent":65,"dateAdded":1304104956677213,"lastModified":1385178434322172,"type":"text/x-moz-place","uri":"place:folder=BOOKMARKS_MENU&expandQueries=0"},{"index":2,"title":"Unsorted Bookmarks","id":68,"parent":65,"dateAdded":1304104956679197,"lastModified":1304106325226134,"type":"text/x-moz-place","uri":"place:folder=UNFILED_BOOKMARKS&expandQueries=0"}]}]}]}